property_address,property_type,furnishing_status,room_type,gender_preference,nationality_preferences,room_size_sqft,aircon,bedframe_&_mattress,wardrobe,study_table_&_chair,ensuite_bathroom,window_details,washroom_type,shared_by_count,monthly_rent,security_deposit,advance_payment,utilities_included,utilities_split,cooking_allowed,gas_stove,microwave,washer,dryer,refrigirator,dinning_table,living_area_shared,wifi,cleaning_service,current_tenants_summary,max_occupancy,house_rules,swimming_pool,tennis_courts,barbeque,squash_court,gym,security_24/7,parking_charges,lift_access,visitor_policy,pet_policy,smoking,min_lease_months,renewal_option,notice_period_weeks,video_tour_url,additional_information,prefered_viewing_details,nearest_mrt,property_name,unit_number,block_no_/_house_no,landlord_living,virtual_viewing_available,floor_level,total_rooms,total_washrooms,district,badminton_court,room_number,agency_fee_applicable,agency_fee,available_from,currency_type,description,parking _facility_available
10 Anson Road,Condominium,Fully Furnished,Common Room,Any,Expat-friendly,165,Available,Available,Available,Available,No,Yes,Shared,2,2950,2950,3000,"Water, Electricity, Gas, Wifi",Split equally among tenants,Allowed,Available,Available,Available,Available,Available,Available,Yes,Available,Biweekly,"1 Male professional, 1 Female student",1,"Quiet hours after 10 PM, no overnight guests, shared common area cleaning rota.",Available,Available,Available,Not Available,Available,Available,Charges apply,Available,Allowed with prior notice,Not Allowed,Not Allowed,6,"Yes, negotiable",4,https://example.com/video/1-condo-tour,Direct link to Tanjong Pagar MRT station.,"Weekdays after 7 PM, weekends by appointment.",Tanjong Pagar,Anson Lofts Residences,#15-08,N/A,No,Yes,21,4,3,1,Not Available,Common Room A,Yes,500,2025-03-01,SGD,"Experience urban luxury in this sleek condo unit located in the heart of District 1, offering unparalleled convenience and sophisticated city living with breathtaking views.",Available
Blk 10 Ghim Moh Road,HDB,Fully Furnished,Common Room,Any,All Welcome,80,Not Available,Available,Available,Available,No,Yes,Shared,1,700,700,700,"Water, Electricity",By usage,Allowed,Available,Available,Available,Available,Available,Available,Yes,Available,Not Included,"Mixed gender, students",1,"No overnight guests, quiet hours after 10 PM. Shared chores rota, keep common areas tidy.",Not Available,Not Available,Not Available,Not Available,Not Available,Not Available,Not Applicable,Not Available,Allowed with notice,Not Allowed,Not Allowed,3,Yes,2,https://example.com/video/0-room-tour,Steps from hawker centre,"Evenings post-6PM, weekends flex",Tiong Bahru,Ghim Moh HDB Hub,#01-01,Blk 10,No,No,1,2,1,3,Not Available,Room 1,Yes,500,2024-02-01,SGD,"Experience authentic Singaporean living in this cozy HDB common room located in Ghim Moh, just steps away from renowned hawker fare and Tiong Bahru MRT.",Available
Blk 123 Ang Mo Kio Ave 3,HDB,Fully Furnished,Master Bedroom,Any,All Welcome,120,Available,Available,Available,Available,Yes,Yes,Private,1,1200,1200,1200,"Water, Electricity",Yes,Allowed,Available,Available,Available,Available,Available,Available,Yes,Available,Monthly,Two friendly working professionals,1,"No smoking, visitors by prior notice, quiet hours after 10 PM.",Not Available,Not Available,Not Available,Not Available,Not Available,Not Available,Monthly rates apply,Available,"Visitors allowed with prior notification, no overnight stays.",Allowed,Not Allowed,3,Yes,2,https://example.com/video/0-room-tour,Steps from a vibrant hawker centre and wet market.,"Weekday evenings from 7 PM, Saturday afternoons by appointment.",Ang Mo Kio,Ang Mo Kio Haven HDB,#08-123,Blk 123,Yes,Yes,8,3,2,20,Not Available,Master Room 1,Yes,500,2025-01-15,SGD,"Nestled in a bustling hawker haven, this HDB gem offers an affordable Master Bedroom with an ensuite, ideal for those seeking a community vibe and easy access to amenities.",Available
Blk 123 Ang Mo Kio Ave 1,HDB,Fully Furnished,Master Bedroom,Any,All Welcome,90,Available,Available,Available,Available,Yes,Yes,Private,1,1500,1500,1500,"Water, Electricity",Shared evenly among tenants for other utilities,Allowed,Available,Available,Available,Available,Available,Available,Yes,Available,Not Included,"Currently occupied by a professional couple, friendly and quiet.",1,"No pets allowed, quiet hours after 10 PM, keep common areas tidy.",Not Available,Not Available,Not Available,Not Available,Not Available,Not Available,HDB season parking available,Available,Allowed with prior notice,Not Allowed,Not Allowed,3,Yes,2,https://example.com/video/0-room-tour,Excellent connectivity to AMK Hub and MRT.,"Evenings post-6PM, weekends flex",Ang Mo Kio,Ang Mo Kio Greenview,#05-45B,Blk 123,Yes,Yes,5,3,2,20,Not Available,Master Bedroom,Yes,500,2025-03-15,SGD,"Discover a charming master bedroom in a friendly HDB flat, perfect for budget-conscious singles, steps away from vibrant Ang Mo Kio amenities.",Available
123 Clementi Avenue 3,Condominium,Fully Furnished,Studio,Any,Expat-friendly,170,Available,Available,Available,Available,Yes,Yes,Private,1,2300,2300,2400,All-inclusive,Not Applicable,Allowed,Available,Available,Available,Available,Available,Available,Yes,Available,Biweekly,"Currently occupied by two young professionals (male, female), expats from Europe.",1,"Keep common areas tidy, no overnight guests without prior notice, quiet hours after 10 PM.",Available,Available,Available,Not Available,Available,Available,"100 SGD/month, subject to availability.",Available,Allowed with prior notification.,Not Allowed,Not Allowed,12,"Yes, negotiable",6,https://example.com/video/5-clementi-condo-room,"Enjoy exclusive condo amenities, perfect for unwinding after a long day.","Weekdays after 7 PM, weekends by appointment.",Clementi,Clementi Grandeur Condominium,#18-05,Blk 123,No,Yes,15,3,2,5,Available,Studio Unit 1,Yes,1000,2025-04-01,SGD,"Experience modern co-living in a vibrant condominium with excellent facilities, offering a comfortable retreat near the bustling Clementi area. Enjoy resort-style living with easy access to amenities and public transport.",Available
30 Beach Road,Apartment,Partially Furnished,Common Room,Any,All Welcome,240,Available,Available,Available,Available,No,Yes,Shared,2,1800,1800,1800,"Water, Electricity",Yes,Allowed,Available,Available,Available,Available,Available,Available,Yes,Available,Monthly,"Two young professionals, one local, one expat.",1,"No overnight guests, quiet hours after 10 PM, shared chores rota.",Available,Available,Available,Not Available,Available,Available,SGD 120/month,Available,Daytime visitors allowed,Not Allowed,Not Allowed,3,Yes,2,https://example.com/video/6-room-tour,Direct access to MRT station,"Evenings post-6PM, weekends flex",Bugis,Bugis Suites Residences,#07-02,N/A,Yes,Yes,7,3,1,7,Not Available,Room B,Yes,500,2025-02-15,SGD,"Step into a world of convenience at this modern apartment, offering a spacious common room in the heart of Bugis. Ideal for urban professionals, it's just steps from the MRT, hawker delights, and vibrant city life.",Available
Blk 10 Jalan Bukit Merah,HDB,Fully Furnished,Master Bedroom,Any,All Welcome,80,Available,Available,Available,Available,Yes,Yes,Private,1,1200,1200,1200,"Water, Electricity",Yes,Allowed,Available,Available,Available,Not Available,Available,Available,Yes,Available,Weekly,"1 Male working professional, Singaporean",1,"No smoking in common areas, clean up after cooking, lights out by 11 PM.",Not Available,Not Available,Not Available,Not Available,Not Available,Not Available,Charges apply,Not Available,"Allowed, with prior notice",Not Allowed,Not Allowed,3,Yes,2,https://example.com/video/0-room-tour,Enjoy vibrant local food stalls and seamless public transport.,"Evenings post-6PM, weekends flexible.",Redhill,Bukit Merah Central HDB,#03-01,Blk 10,Yes,Yes,3,3,1,3,Not Available,Master Room A,Yes,500,2025-01-01,SGD,"Discover comfortable living in this Master Room within a well-maintained HDB flat, just a short walk to Redhill MRT. Enjoy the convenience of a central location with easy access to hawker centers and amenities.",Available
Blk 100 Upper Cross St,HDB,Fully Furnished,Master Bedroom,Any,All Welcome,80,Available,Available,Available,Available,Yes,Yes,Private,1,800,800,800,"Water, Electricity",Yes,Allowed,Available,Available,Available,Not Available,Available,Available,Yes,Available,Not Included,2 working professionals,1,"No overnight guests, No smoking indoors, Shared chores rota",Not Available,Not Available,Not Available,Not Available,Not Available,Not Available,Free,Available,Allowed till 10 PM,Not Allowed,Not Allowed,3,Yes,2,https://example.com/video/0-room-tour,Steps from MRT,Evenings post-7PM,Telok Ayer,Chinatown Haven HDB,#1-1,Blk 100,Yes,Yes,6,2,1,2,Not Available,Master A,Yes,500,2025-01-01,SGD,"Nestled in the vibrant heart of Chinatown, this cozy HDB master bedroom offers an authentic local living experience with unmatched convenience. Perfect for those seeking culture and connectivity.",Available
21 Orchard Boulevard,Condominium,Partially Furnished,Master Bedroom,Females Only,Expat-friendly,285,Available,Available,Available,Available,Yes,Yes,Private,1,3600,3600,3600,"Water, Electricity",Yes,Allowed,Available,Available,Available,Available,Available,Available,Yes,Available,Biweekly,"1 female professional, early 30s, working in finance.",1,"No overnight guests, maintain cleanliness, quiet hours after 10 PM.",Available,Not Available,Available,Not Available,Available,Available,SGD 150/month,Available,"Limited guests, no overnight stays without approval.",Not Allowed,Not Allowed,3,"Yes, negotiable",2,https://example.com/video/9-room-tour,Rooftop deck with city panoramas.,"Weekdays after 7 PM, Saturdays by appointment.",Orchard,Orchard Grand Residence,#24-08,N/A,No,Yes,24,3,2,9,Not Available,Master Suite A,No,0,2025-05-01,SGD,"Experience luxury living in this prime Orchard Boulevard condo. Boasting unparalleled city views and direct access to high-end shopping, it's perfect for those seeking sophistication and convenience.",Available
Blk 100 Toa Payoh Lorong 1,HDB,Fully Furnished,Master Bedroom,Any,All Welcome,120,Available,Available,Available,Available,Yes,Yes,Private,1,900,900,900,"Water, Electricity",Yes,Allowed,Available,Available,Available,Available,Available,Available,Yes,Available,Not Included,"Empty, seeking single professional or couple",1,"No pets, quiet hours after 10 PM, shared chores rota.",Not Available,Not Available,Available,Not Available,Not Available,Not Available,HDB rates apply,Available,Allowed with notice,Not Allowed,Not Allowed,3,Yes,2,https://example.com/video/0-hdb-master_bedroom-tour,Steps from vibrant hawker centre.,"Evenings post-6PM, weekends flex.",Toa Payoh,Toa Payoh Home,#05-01,Blk 100,Yes,Yes,5,3,2,12,Not Available,Master 1,Yes,500,2024-08-01,SGD,Experience authentic Singapore living in this cozy Master Bedroom within a friendly HDB flat in Toa Payoh; perfect for professionals seeking a peaceful retreat with great connectivity.,Available
123 Dunearn Road,Condominium,Fully Furnished,Master Bedroom,Any,Expat-friendly,190,Available,Available,Available,Available,Yes,Yes,Private,1,2850,2850,2900,All-inclusive,Not Applicable,Allowed,Available,Available,Available,Available,Available,Available,Yes,Available,Biweekly,"One young professional (French), mid-20s",1,"No smoking in common areas, guests by approval, maintain cleanliness.",Available,Available,Available,Available,Available,Available,"Available, charges apply (SGD 150/month)",Available,"Allowed with prior notice, no overnight stays.",Not Allowed,Not Allowed,6,"Yes, negotiable",4,https://example.com/video/121-condo-tour,Proximity to Orchard Road shopping district and fine dining.,"Weekdays after 7 PM, weekends by appointment.",Newton MRT Station,Dunearn Loft,#18-05,N/A,No,Yes,18,4,3,11,Available,Master Room 1,Yes,1000,2024-07-01,SGD,"Experience urban luxury in this sleek condominium unit, offering stunning city views and access to premium facilities. Perfect for those seeking a sophisticated co-living experience.",Available
Blk 140 Lorong 1 Toa Payoh,HDB,Fully Furnished,Common Room,Any,All Welcome,100,Available,Available,Available,Available,No,Yes,Shared,2,1060,1060,1180,"Water, Electricity",Divided equally,Allowed,Available,Available,Available,Not Available,Available,Available,Yes,Available,Not Included,"Mixed couple (Singaporean, working professionals)",1,"No guests after 10 PM, keep common areas tidy, shared utilities payment",Not Available,Not Available,Not Available,Not Available,Not Available,Not Available,HDB Season Parking rates apply,Available,Permitted with prior notice,Not Allowed,Not Allowed,3,Yes,2,https://example.com/video/12-room-tour,Direct access to vibrant hawker centres and wet market.,"Evenings post-6PM, weekends flex",Toa Payoh,Toa Payoh Haven HDB,#17-123,Blk 140,No,No,17,3,2,12,Not Available,Room A,No,0,2025-02-15,SGD,"Experience authentic heartland living in this cozy HDB common room located in vibrant Toa Payoh. Just a short walk to Toa Payoh MRT and hawker delights, it's perfect for those seeking convenience and community.",Available
88 MacPherson Road,Condominium,Fully Furnished,Common Room,Any,Asians Preferred,185,Available,Available,Available,Available,No,Yes,Shared,2,2400,2400,2460,"Water, Electricity, Wifi",Split equally among tenants,Allowed,Available,Available,Available,Available,Available,Available,Yes,Available,Biweekly,"Two working professionals, male and female, early 30s. Friendly and tidy.",1,"Quiet hours after 10 PM, no overnight guests, shared common area cleaning rota.",Available,Not Available,Available,Not Available,Available,Available,Included for one vehicle,Available,"Day visitors allowed with notice, no overnight guests.",Not Allowed,Not Allowed,6,"Yes, negotiable",4,https://example.com/video/13-condo-room-tour,"Short walk to MacPherson MRT, excellent connectivity.",Flexible weekday evenings and weekend afternoons by appointment.,MacPherson MRT,MacPherson Grand Residence,#08-13,88,No,Yes,8,4,2,13,Not Available,Room C,No,0,2024-02-13,SGD,"Experience urban luxury in this sleek condominium unit, offering modern comforts and easy access to city life. Perfect for professionals seeking a vibrant yet serene co-living environment.",Available
100 Sims Avenue,Apartment,Fully Furnished,Common Room,Any,Professionals Only,160,Available,Available,Available,Available,No,Yes,Shared,3,2000,2000,2100,All-inclusive,Not Applicable,Allowed,Available,Available,Available,Available,Available,Available,Yes,Available,Monthly,Currently 2 female professionals from SEA.,1,"Cooking allowed with cleanup, respect privacy of flatmates.",Available,Not Available,Not Available,Not Available,Available,Available,"Varies, inquire with management.",Available,"Limited guests, no overnight stays.",Not Allowed,Not Allowed,12,Subject to approval,8,https://example.com/video/14-room-tour,Steps from vibrant hawker centre.,"Evenings post-6PM, weekends flex",Dakota,Sims Urban Oasis Apartment,#14-14,N/A,No,Yes,19,4,2,14,Available,Room C,No,0,2024-09-30,SGD,"Sleek apartment living in the heart of Geylang, offering convenient access to vibrant amenities and city-fringe connectivity. Perfect for urban professionals seeking modern comfort.",Available
28 Jalan Hajijah,Terrace,Fully Furnished,Common Room,Any,Expat-friendly,250,Available,Available,Available,Available,Yes,Yes,Private,1,1880,1880,1880,"Water, Electricity",Equally Shared,Not Allowed,Not Available,Not Available,Not Available,Not Available,Not Available,Not Available,Yes,Available,Not Included,"Currently occupied by a working professional couple and one female tenant, all expats.",1,"No excessive noise after 10 PM, keep common areas tidy, no overnight guests.",Not Available,Not Available,Available,Not Available,Not Available,Not Available,N/A,Not Available,"Allowed with prior notice, no overnight stays.",Not Allowed,Allowed,3,Subject to approval,2,https://example.com/video/terrace-room-tour-15,Close to East Coast Park for weekend strolls.,"Weekdays after 7 PM, weekends by appointment.",Eunos,Eastwood Terrace Gem,N/A,28,No,No,1,3,3,16,Not Available,Room 1 (Ensuite),Yes,500,2025-01-16,SGD,"Spacious Terrace retreat by the East Coast, offering a tranquil escape with ample room to unwind, perfect for those who appreciate quiet living and green surroundings.",Not Available
Blk 167 Mei Ling Street,HDB,Partially Furnished,Common Room,Any,Chinese & Malay Preferred,140,Available,Available,Available,Available,No,Yes,Shared,2,1320,1320,1370,"Water, Electricity, Gas",Shared equally by tenants,Allowed,Available,Available,Available,Available,Available,Available,Yes,Available,Not Included,"One female working professional, late 20s.",1,"No overnight guests, maintain cleanliness of common areas, quiet hours after 11 PM.",Not Available,Not Available,Not Available,Not Available,Not Available,Not Available,HDB season parking rates apply,Available,Limited visitors allowed; no overnight stays.,Not Allowed,Not Allowed,6,Yes,4,https://example.com/video/16-hdb-meiling-tour,Enjoy proximity to diverse hawker fare and Queenstown Library.,Weekday afternoons by appointment,Queenstown,Mei Ling Heights HDB,#21-A,Blk 167,Yes,Yes,21,3,2,3,Not Available,Common Room A,Yes,500,2024-10-15,SGD,"A cozy HDB common room nestled in a vibrant Queenstown estate, offering excellent connectivity and local amenities. Perfect for those seeking an authentic Singaporean living experience.",Available
78 Pasir Ris St 71,Condominium,Partially Furnished,Common Room,Females Only,Professionals Only,190,Available,Available,Available,Available,No,Yes,Shared,3,2500,2500,2700,All-inclusive,Not Applicable,Allowed,Available,Available,Available,Available,Available,Available,Yes,Available,Biweekly,"Two professional females (Filipino, Singaporean) in their late 20s.",1,"No overnight guests, maintain cleanliness, shared chores on rota.",Available,Not Available,Not Available,Not Available,Available,Available,SGD 120/month,Available,"Limited visitors, no overnight guests",Not Allowed,Not Allowed,12,Subject to approval,6,https://example.com/video/17-pasirris-condo-tour,Enjoy seamless connectivity to Pasir Ris MRT and White Sands Mall.,"Weekdays 7-9 PM, weekends by appointment only.",Pasir Ris,Pasir Ris Oasis Condo,#18-08,Block 78,No,Yes,18,5,3,17,Available,Room C,No,0,2025-02-01,SGD,"Discover tranquil living in this modern condominium, offering a serene escape with lush green views, just moments from Pasir Ris Park and the beach.",Available
28 Pasir Ris Drive 1,Apartment,Partially Furnished,Studio,Females Only,Expat-friendly,230,Available,Available,Available,Available,Yes,Yes,Private,1,2000,2000,2000,"Water, Electricity",Yes,Allowed,Available,Available,Available,Available,Available,Available,No,Available,Monthly,"Currently vacant, seeking female professional.",1,"No smoking indoors, maintain cleanliness, quiet hours after 10 PM.",Available,Available,Available,Not Available,Available,Available,SGD 100/month,Available,"Visitors allowed until 10 PM, no overnight stays.",Small pets allowed with landlord approval,Not Allowed,3,Yes,2,https://example.com/video/18-room-tour,Enjoy tranquil evenings on your private balcony.,"Weekdays after 7 PM, Saturdays 10 AM - 2 PM.",Pasir Ris,Pasir Ris Sanctuary Suites,#23-05,Block 28,No,Yes,23,1,1,18,Available,Studio 2305,No,0,2025-04-01,SGD,"Discover modern living in this spacious apartment located in a vibrant Pasir Ris neighbourhood. Enjoy quick access to green spaces and seamless connectivity, perfect for professionals seeking a serene yet connected lifestyle.",Available
35 Jalan Jarak,Terrace,Partially Furnished,Common Room,Females Only,Singaporean / PR preferred,285,Available,Available,Available,Available,No,Yes,Shared,2,2900,2900,2950,All-inclusive,No,Allowed,Available,Available,Available,Available,Available,Available,Yes,Available,Biweekly,"Currently occupied by a professional female tenant, respectful and tidy.",1,"No smoking indoors, Quiet hours after 10 PM, Keep common areas tidy, Shared chores rota for kitchen.",Not Available,Not Available,Available,Not Available,Not Available,Not Available,Included,No,"Limited visitors allowed, discuss with housemates",Not Allowed,Not Allowed,6,"Yes, negotiable",4,https://example.com/video/19-terrace-room-tour,Enjoy proximity to Punggol Park and neighborhood eateries.,"Weekdays after 7 PM, weekends by appointment",Hougang,Jarak Serenity Terrace,N/A,35,No,No,2,4,3,19,Not Available,Room 2,No,0,2025-02-15,SGD,"Discover spacious living in this charming Terrace home located in a serene District 19 neighborhood, offering a quiet retreat with lush greenery.",Available
Blk 402 West Coast Road,HDB,Fully Furnished,Master Bedroom,Any,All Welcome,109,Available,Available,Available,Available,Yes,Yes,Private,1,1000,1000,1100,"Water, Electricity, Wifi",No,Allowed,Available,Available,Available,Not Available,Available,Available,Yes,Available,Not Included,"Landlord (single male) and one existing tenant in a common room, seeking a respectful co-liver.",1,No excessive noise after 10 PM. Shared chores are expected. Pets and smoking permitted in designated areas.,Not Available,Not Available,Not Available,Not Available,Not Available,Not Available,Not Included,Available,Limited to daytime visits,Allowed,Allowed,6,Yes,4,https://example.com/video/100-room-tour,Enjoy local eateries and convenient access to West Coast Park for outdoor activities.,"Evenings post-6PM, weekends flex",Clementi,West Coast HDB Gem,#20-01,Blk 402,Yes,No,20,4,2,5,Not Available,Master Bedroom,Yes,1000,2024-11-01,SGD,"Discover comfortable living in this well-maintained HDB unit along West Coast Road. Perfectly situated for easy access to parks and community amenities, offering a peaceful retreat.",Available